PC1,PC2
0.574542,-0.201718
-0.574645,0.201264
-0.114894,-0.91978
-0.00512923,-0.157783
0.571364,0.218887
