feature,mean,std_dev
0,15.1222,1.6047
1,24.9922,1.58766
2,34.786,1.5448
3,44.9329,1.48049
4,55.2502,1.50058
