{
  "model_type": "lstm_encoder_decoder",
  "onnx_file": "lstm_ed.onnx",
  "sensor_names": [
    "vid1",
    "vid2",
    "vid3",
    "vid4",
    "vid5",
    "vid6",
    "vid7",
    "vid8",
    "vid9",
    "vid10"
  ],
  "seq_len": 30,
  "horizon": 12,
  "normalization": {
    "type": "minmax_0_1",
    "min": [
      0.0,
      10.0,
      20.0,
      30.157899856567383,
      40.0,
      50.08689880371094,
      60.03379821777344,
      70.01679992675781,
      80.11830139160156,
      90.0
    ],
    "max": [
      10.0,
      19.99880027770996,
      30.0,
      39.85300064086914,
      49.79349899291992,
      59.93939971923828,
      69.97540283203125,
      80.0,
      89.9561996459961,
      99.78309631347656
    ]
  },
  "thresholds": {
    "sensor_reconstruction_error_95": [
      0.41171157360076904,
      0.41348421573638916,
      0.40675172209739685,
      0.4207161068916321,
      0.41614601016044617,
      0.39811691641807556,
      0.3927519619464874,
      0.39098629355430603,
      0.4037567675113678,
      0.4007173478603363
    ],
    "sensor_reconstruction_error_99": [
      0.4629991352558136,
      0.46405187249183655,
      0.4548740088939667,
      0.46642500162124634,
      0.46549367904663086,
      0.45701855421066284,
      0.45621031522750854,
      0.4616836905479431,
      0.46438029408454895,
      0.4507561922073364
    ],
    "global_reconstruction_error_95": 4.02103328704834,
    "global_reconstruction_error_99": 4.513906955718994,
    "future_prediction_error_95_by_horizon": [
      [
        0.4298429489135742,
        0.4319654405117035,
        0.4167415201663971,
        0.4385513365268707,
        0.44109585881233215,
        0.42697304487228394,
        0.4101157486438751,
        0.4063960015773773,
        0.4116770327091217,
        0.4174380600452423
      ],
      [
        0.4384489953517914,
        0.43598225712776184,
        0.4203547537326813,
        0.4431425929069519,
        0.43614688515663147,
        0.4259854555130005,
        0.40469324588775635,
        0.4055233895778656,
        0.4140682518482208,
        0.42270416021347046
      ],
      [
        0.42225363850593567,
        0.42988044023513794,
        0.419711172580719,
        0.4319532513618469,
        0.4319973289966583,
        0.4199160933494568,
        0.4095463752746582,
        0.4032418131828308,
        0.41043785214424133,
        0.4127609431743622
      ],
      [
        0.44265270233154297,
        0.4384840726852417,
        0.41894370317459106,
        0.43428340554237366,
        0.4296591281890869,
        0.4211714565753937,
        0.4069908559322357,
        0.40681320428848267,
        0.41370654106140137,
        0.4250273108482361
      ],
      [
        0.4305357336997986,
        0.42873162031173706,
        0.43496808409690857,
        0.4403669834136963,
        0.4276063144207001,
        0.41521602869033813,
        0.4156714975833893,
        0.4052259027957916,
        0.4167075455188751,
        0.41584810614585876
      ],
      [
        0.4219192862510681,
        0.4285876750946045,
        0.42390018701553345,
        0.43863290548324585,
        0.4335266053676605,
        0.4138246178627014,
        0.4164113402366638,
        0.40879401564598083,
        0.40960758924484253,
        0.417812705039978
      ],
      [
        0.4342634975910187,
        0.42855122685432434,
        0.4309829771518707,
        0.4343346655368805,
        0.43526923656463623,
        0.4145180583000183,
        0.42072969675064087,
        0.41278335452079773,
        0.4143691062927246,
        0.4204321503639221
      ],
      [
        0.42364904284477234,
        0.43104779720306396,
        0.4208492934703827,
        0.43606847524642944,
        0.4314090311527252,
        0.41634732484817505,
        0.40526336431503296,
        0.412514865398407,
        0.40847933292388916,
        0.4144822955131531
      ],
      [
        0.42834076285362244,
        0.43221017718315125,
        0.41808050870895386,
        0.4376527667045593,
        0.41907426714897156,
        0.41788381338119507,
        0.41547808051109314,
        0.4043491780757904,
        0.41332510113716125,
        0.4168814420700073
      ],
      [
        0.45282799005508423,
        0.45337292551994324,
        0.43604424595832825,
        0.4380379021167755,
        0.43316078186035156,
        0.417375385761261,
        0.416847288608551,
        0.4330778121948242,
        0.4228060245513916,
        0.41389065980911255
      ],
      [
        0.43289461731910706,
        0.43057548999786377,
        0.41390469670295715,
        0.43571776151657104,
        0.4307861626148224,
        0.4139927923679352,
        0.4167136549949646,
        0.40293604135513306,
        0.40450260043144226,
        0.41216400265693665
      ],
      [
        0.43635448813438416,
        0.4318871796131134,
        0.43130922317504883,
        0.43328067660331726,
        0.4286060333251953,
        0.415069580078125,
        0.41719114780426025,
        0.4027160108089447,
        0.41644051671028137,
        0.41621625423431396
      ]
    ]
  },
  "training": {
    "epochs": 20,
    "loss_history": [
      0.34299379388491313,
      0.12309584716955821,
      0.09353255480527878,
      0.08886893888314565,
      0.08733077943325043,
      0.08656959682703018,
      0.08594892720381418,
      0.08545945187409719,
      0.08505036284526189,
      0.08474766512711843,
      0.08447608202695847,
      0.08434612353642781,
      0.08425722420215606,
      0.08410176585117976,
      0.0840877984960874,
      0.08406765808661779,
      0.08397921820481619,
      0.08387905011574427,
      0.08386898140112559,
      0.08379588226477305
    ],