feature,mean,std_dev
0,2.50924,3.52174
1,2.48275,3.49813
2,2.47799,3.51583
3,2.50192,3.56641
4,2.47495,3.4988
5,2.49268,3.50686
6,2.45159,3.50365
7,2.48366,3.48899
8,2.48232,3.49666
9,2.43315,3.45979
