PC1,PC2
0.31676,-0.344794
0.315353,0.54349
0.317012,0.0625408
0.315945,-0.0374402
0.315923,-0.051574
0.316051,-0.461008
0.316967,-0.266072
0.316162,-0.148544
0.315803,0.460438
0.316298,0.245706
