PC1,PC2
0.314813,-0.484325
0.315775,-0.389628
0.316799,-0.27067
0.317351,-0.139471
0.317272,-0.0699547
0.317238,0.00927138
0.317036,0.179051
0.316548,0.265097
0.315354,0.396834
0.314073,0.506076
