feature,mean,std_dev
0,4.92276,2.52244
1,14.9398,2.47698
2,24.9217,2.44274
3,34.9246,2.38271
4,44.9027,2.34658
5,54.9085,2.30248
6,64.9214,2.2792
7,74.8991,2.24418
8,84.9281,2.21108
9,94.9184,2.19095
