feature,mean,std_dev
0,200.735,2.68496
1,216.208,13.3929
2,599.977,4.02349
3,151.432,8.62971
4,273.001,3.63995
