PC1,PC2
0.286142,-0.716671
0.570627,-0.195905
-0.345739,-0.373615
0.209568,0.54383
-0.655022,-0.112539
