{
  "model_type": "lstm_encoder_decoder",
  "onnx_file": "lstm_ed.onnx",
  "sensor_names": [
    "temp_c",
    "pressure_mtorr",
    "rf_power_w",
    "gas_flow_sccm",
    "bias_v"
  ],
  "seq_len": 30,
  "horizon": 12,
  "normalization": {
    "type": "minmax_0_1",
    "min": [
      195.076904296875,
      195.8133544921875,
      587.8890991210938,
      134.0504913330078,
      258.276611328125
    ],
    "max": [
      204.71209716796875,
      245.0616455078125,
      611.2817993164062,
      166.07945251464844,
      284.8343200683594
    ]
  },
  "thresholds": {
    "sensor_reconstruction_error_95": [
      0.1014627069234848,
      0.09730246663093567,
      0.33169612288475037,
      0.10406185686588287,
      0.20418548583984375
    ],
    "sensor_reconstruction_error_99": [
      0.13941901922225952,
      0.12970714271068573,
      0.43603166937828064,
      0.13431084156036377,
      0.26405051350593567
    ],
    "global_reconstruction_error_95": 0.6431887745857239,
    "global_reconstruction_error_99": 0.7870888710021973,
    "future_prediction_error_95_by_horizon": [
      [
        0.10345304757356644,
        0.0949881449341774,
        0.34112417697906494,
        0.10615518689155579,
        0.21581299602985382
      ],
      [
        0.09367407858371735,
        0.09570074826478958,
        0.33799052238464355,
        0.10703813284635544,
        0.211521178483963
      ],
      [
        0.09593754261732101,
        0.09070674329996109,
        0.33665603399276733,
        0.1048063188791275,
        0.2096729278564453
      ],
      [
        0.09831396490335464,
        0.09712487459182739,
        0.33328402042388916,
        0.10296191275119781,
        0.21234121918678284
      ],
      [
        0.10547628998756409,
        0.09157780557870865,
        0.34743714332580566,
        0.11466895043849945,
        0.2159356325864792
      ],
      [
        0.09885097295045853,
        0.10098814219236374,
        0.33907267451286316,
        0.10687372088432312,
        0.2095727175474167
      ],
      [
        0.09603846818208694,
        0.10115798562765121,
        0.33823442459106445,
        0.11022897809743881,
        0.20823857188224792
      ],
      [
        0.10206007212400436,
        0.1049223467707634,
        0.3438706398010254,
        0.10868231952190399,
        0.2129593789577484
      ],
      [
        0.10196283459663391,
        0.09235886484384537,
        0.3331524133682251,
        0.11717407405376434,
        0.20642878115177155
      ],
      [
        0.10654054582118988,
        0.10408463329076767,
        0.3392627537250519,
        0.11889800429344177,
        0.21155662834644318
      ],
      [
        0.10656784474849701,
        0.10633249580860138,
        0.3355714678764343,
        0.11733771115541458,
        0.20739337801933289
      ],
      [
        0.10892832279205322,
        0.1017586812376976,
        0.3398042619228363,
        0.1265699565410614,
        0.2114500254392624
      ]
    ]
  },
  "training": {
    "epochs": 20,
    "loss_history": [
      0.26635587668937183,
      0.0880604752379915,
      0.07005653659934583,
      0.05507031617605168,
      0.0376657842779937,
      0.025915730177708294,
      0.020407365149129993,
      0.018340389122781547,
      0.017281219363212585,
      0.016584419118969337,
      0.015922385024959625,
      0.015414473236255024,
      0.015111248737767986,
      0.014928910881280899,
      0.014838355633875599,
      0.014787225862560064,
      0.014645995207778786,
      0.014541711617747078,
      0.01455266814193,
      0.014502521968730118
    ],
    "global_reconstruction_error_preview": [
      0.28010237216949463,
      0.6501893997192383,
      0.21797753870487213,
      0.20469321310520172,
      0.26032736897468567,
      0.28643572330474854,
      0.21338112652301788,
      0.19091269373893738,
      0.12867414951324463,
      0.11992442607879639,
      0.2421475499868393,
      0.27554649114608765,
      0.3473641872406006,
      0.29860687255859375,
      0.24329304695129395,
      0.6511523127555847,
      0.20249906182289124,
      0.23570239543914795,
      0.3077091872692108,
      0.333354115486145,
      0.4458164572715759,
      0.43497949838638306,
      0.31252622604370117,
      0.458855539560318,
      0.10802800953388214,
      0.45736175775527954,
      0.35665491223335266,
      0.4048668146133423,
      0.18155024945735931,
      0.39107367396354675,
      0.35541459918022156,
      0.3227840065956116,
      0.28582584857940674,
      0.28340914845466614,
      0.5172927379608154,
      0.24406737089157104,
      0.20457197725772858,
      0.48194804787635803,
      0.3479096591472626,
      0.2749844789505005,
      0.13971740007400513,
      0.6477330923080444,
      0.22282186150550842,
      0.1934305727481842,
      0.31611770391464233,
      0.8851847052574158,
      0.6629385352134705,
      0.1400585025548935,
      0.2607918381690979,
      0.5991524457931519,
      0.19151929020881653,
      0.20102642476558685,
      0.34017759561538696,
      0.42506352066993713,
      0.24807681143283844,
      0.42348313331604004,
      0.24170325696468353,
      0.38829466700553894,
      0.7180705070495605,
      0.3192076086997986,
      0.11556285619735718,
      0.3562674820423126,
      0.4085509479045868,
      0.1540590524673462,
      0.11552004516124725,
      0.2273428738117218,
      0.25809502601623535,
      0.3112868070602417,
      0.38589972257614136,
      0.6350795030593872,
      0.7152960300445557,
      0.24452395737171173,
      0.43029966950416565,
      0.2723098695278168,
      0.416997492313385,
      0.09714220464229584,
      0.40381941199302673,
      0.4255024790763855,
      0.4889522194862366,
      0.5656167268753052,
      0.34811437129974365,
      0.3190138339996338,
      0.4497150778770447,
      0.13736248016357422,
      0.32945558428764343,
      0.1866568624973297,
      0.37242448329925537,
      0.2197403907775879,
      0.14447541534900665,
      0.41567039489746094,
      0.32468628883361816,
      0.15435060858726501,
      0.16425853967666626,
      0.237052321434021,
      0.154072105884552,
      0.26962247490882874,
      0.5508521795272827,
      0.12289577722549438,
      0.227479949593544,
      0.2798295021057129,
      0.41337814927101135,
      0.21946565806865692,
      0.1810379922389984,
      0.46179628372192383,
      0.5718661546707153,
      0.29137709736824036,
      0.1562943011522293,
      0.3176051378250122,
      0.7223632335662842,
      0.5383899807929993,
      0.2617112994194031,
      0.22765038907527924,
      0.28498995304107666,
      0.292843759059906,
      0.36085912585258484,
      0.3538759648799896,
      0.27797091007232666,
      0.2759464383125305,
      0.19121375679969788,
      0.20377202332019806,
      0.5223121047019958,
      0.5848553776741028,
      0.19150090217590332,
      0.3385811150074005,
      0.27404624223709106,
      0.35429617762565613,
      0.5791544318199158,
      0.1545586884021759,
      0.4927438795566559,
      0.20376721024513245,
      0.34085723757743835,
      0.29566043615341187,
      0.21013881266117096,
      0.1312676966190338,
      0.10475596785545349,
      0.5143468379974365,
      0.2996000051498413,
      0.19106823205947876,
      0.11739124357700348,
      0.2553831934928894,
      0.29587623476982117,
      0.48109251260757446,
      0.30589568614959717,
      0.30587098002433777,
      0.37971189618110657,
      0.6007753610610962,
      0.2988283932209015,
      0.41548842191696167,
      0.7264257669448853,
      0.3663627505302429,
      0.18803702294826508,
      0.21831248700618744,
      0.3658044636249542,
      0.2154172956943512,
      0.5338585376739502,
      0.2291852831840515,
      0.3770095705986023,
      0.4781895577907562,
      0.4275636672973633,
      0.22809356451034546,
      0.15386195480823517,
      0.2375413179397583,
      0.294060081243515,
