{
  "accuracy": 0.97,
  "macro_f1": 0.9687502480847856,
  "classification_report": {
    "fault_1_rf_surge": {
      "precision": 1.0,
      "recall": 1.0,
      "f1-score": 1.0,
      "support": 30.0
    },
    "fault_2_throttle_leak": {
      "precision": 1.0,
      "recall": 1.0,
      "f1-score": 1.0,
      "support": 30.0
    },
    "fault_3_gas_drift": {
      "precision": 1.0,
      "recall": 1.0,
      "f1-score": 1.0,
      "support": 30.0
    },
    "fault_4_he_leak": {
      "precision": 1.0,
      "recall": 0.9032258064516129,
      "f1-score": 0.9491525423728814,
      "support": 31.0
    },
    "fault_5_wall_decay": {
      "precision": 0.9615384615384616,
      "recall": 0.8333333333333334,
      "f1-score": 0.8928571428571429,
      "support": 30.0
    },
    "normal": {
      "precision": 0.9487179487179487,
      "recall": 0.9932885906040269,
      "f1-score": 0.9704918032786886,
      "support": 149.0
    },
    "accuracy": 0.97,
    "macro avg": {
      "precision": 0.9850427350427351,
      "recall": 0.9549746217314955,
      "f1-score": 0.9687502480847856,
      "support": 300.0
    },
    "weighted avg": {
      "precision": 0.9706837606837606,
      "recall": 0.97,
      "f1-score": 0.9693757392926606,
      "support": 300.0
    }
  },
  "confusion_matrix": [
    [
      30,
      0,
      0,
      0,
      0,
      0
    ],
    [
      0,
      30,
      0,
      0,
      0,
      0
    ],
    [
      0,
      0,
      30,
      0,
      0,
      0
    ],
    [
      0,
      0,
      0,
      28,
      0,
      3
    ],
    [
      0,
      0,
      0,
      0,
      25,
      5
    ],
    [
      0,
      0,
      0,
      0,
      1,
      148
    ]
  ],
  "log_loss": 0.09682368426000626,
  "confidence_summary": {
    "mean_top_class_confidence": 0.9458202735407032,
    "p10_top_class_confidence": 0.7955615657985392,
    "p50_top_class_confidence": 0.9787811297819281,
    "p90_top_class_confidence": 0.9983948676838339
  }
}
