feature,mean,std_dev
0,14.6129,1.57397
1,25.4104,1.58102
2,34.6634,1.53059
3,44.3966,1.24503
4,54.8144,1.52495
5,64.963,1.52452
6,74.5578,1.24554
7,84.8368,1.53302
