PC1,PC2
0.454764,-0.217237
-0.455232,0.217187
-0.204902,-0.490998
0.0196415,-0.458342
0.500665,0.016925
-0.20423,-0.493491
0.0202624,-0.458817
0.500797,0.0121719
