{
  "model_type": "lstm_encoder_decoder",
  "onnx_file": "lstm_ed.onnx",
  "sensor_names": [
    "temp_c",
    "pressure_mtorr",
    "rf_power_w",
    "gas_flow_sccm",
    "bias_v",
    "etch_rate_nm_min",
    "refl_power_w",
    "dc_bias_v",
    "he_backside_press_torr",
    "focus_ring_temp_c",
    "esc_temp_c",
    "wall_temp_c",
    "o2_flow_sccm",
    "ar_flow_sccm",
    "throttle_valve_pct"
  ],
  "seq_len": 30,
  "horizon": 12,
  "normalization": {
    "type": "minmax_0_1",
    "min": [
      195.076904296875,
      195.8133544921875,
      587.8890991210938,
      134.0504913330078,
      258.276611328125,
      199.96173095703125,
      7.9408769607543945,
      248.51780700683594,
      9.827160835266113,
      209.1663360595703,
      178.5594940185547,
      63.77983093261719,
      23.670562744140625,
      103.89503479003906,
      63.80504608154297
    ],
    "max": [
      204.71209716796875,
      245.0616455078125,
      611.2817993164062,
      166.07945251464844,
      284.8343200683594,
      210.96316528320312,
      10.114424705505371,
      272.8463134765625,
      10.548748016357422,
      223.30490112304688,
      189.703125,
      68.8191146850586,
      26.456382751464844,
      130.492919921875,
      78.78849029541016
    ]
  },
  "thresholds": {
    "sensor_reconstruction_error_95": [
      0.09854525327682495,
      0.08848261088132858,
      0.335099458694458,
      0.10476045310497284,
      0.20602266490459442,
      0.21929743885993958,
      0.266705721616745,
      0.21645939350128174,
      0.22826442122459412,
      0.13944721221923828,
      0.1299705058336258,
      0.12690012156963348,
      0.2885434329509735,
      0.12319948524236679,
      0.09755899012088776
    ],
    "sensor_reconstruction_error_99": [
      0.1238742396235466,
      0.11587926745414734,
      0.4495408833026886,
      0.1356339156627655,
      0.272919625043869,
      0.2833136022090912,
      0.33697745203971863,
      0.28832384943962097,
      0.3042694330215454,
      0.18566086888313293,
      0.17146296799182892,
      0.1645313948392868,
      0.37345021963119507,
      0.1678173840045929,
      0.12587377429008484
    ],
    "global_reconstruction_error_95": 1.6410504579544067,
    "global_reconstruction_error_99": 1.9505423307418823,
    "future_prediction_error_95_by_horizon": [
      [
        0.09186948090791702,
        0.0926334410905838,
        0.33583882451057434,
        0.1054554134607315,
        0.21016985177993774,
        0.22830671072006226,
        0.26688477396965027,
        0.2282373160123825,
        0.287790447473526,
        0.13948456943035126,
        0.13371428847312927,
        0.15460234880447388,
        0.2932058870792389,
        0.12831604480743408,
        0.1044703796505928
      ],
      [
        0.09464011341333389,
        0.0937492847442627,
        0.34146955609321594,
        0.11090487241744995,
        0.20577669143676758,
        0.24029716849327087,
        0.26859626173973083,
        0.22211353480815887,
        0.2575487196445465,
        0.14112412929534912,
        0.13545335829257965,
        0.13807812333106995,
        0.29139772057533264,
        0.12822465598583221,
        0.10608742386102676
      ],
      [
        0.10645107179880142,
        0.09034597128629684,
        0.3410118520259857,
        0.10387416183948517,
        0.21422234177589417,
        0.224989116191864,
        0.2703867256641388,
        0.22418420016765594,
        0.27704453468322754,
        0.14146026968955994,
        0.13334453105926514,
        0.13292184472084045,
        0.29243937134742737,
        0.1342775821685791,
        0.09246622771024704
      ],
      [
        0.10197458416223526,
        0.0894986093044281,
        0.34596264362335205,
        0.10239261388778687,
        0.21933519840240479,
        0.22462067008018494,
        0.2698098123073578,
        0.21837623417377472,
        0.2726963460445404,
        0.1422768384218216,
        0.14283448457717896,
        0.13743294775485992,
        0.2972281575202942,
        0.12914036214351654,
        0.09554992616176605
      ],
      [
        0.1136293113231659,
        0.08512541651725769,
        0.3521267771720886,
        0.10862158983945847,
        0.21614888310432434,
        0.22862891852855682,
        0.2704305946826935,
        0.23166555166244507,
        0.27860769629478455,
        0.14606082439422607,
        0.13946713507175446,
        0.13756118714809418,
        0.29060766100883484,
        0.13919702172279358,
        0.09623496234416962
      ],
      [
        0.08982330560684204,
        0.08613701909780502,
        0.3422061800956726,
        0.11303186416625977,
        0.2135789692401886,
        0.22453100979328156,
        0.26754292845726013,
        0.22639881074428558,
        0.2721560299396515,
        0.14385516941547394,
        0.13472865521907806,
        0.1246173083782196,
        0.29297855496406555,
        0.13364961743354797,
        0.11288623511791229
      ],
      [
        0.09359555691480637,
        0.09418141841888428,
        0.3383511006832123,
        0.11364783346652985,
        0.20992730557918549,
        0.21683812141418457,
        0.2705381214618683,
        0.2235950231552124,
        0.26868483424186707,
        0.14207731187343597,
        0.13700228929519653,
        0.13562078773975372,
        0.28749021887779236,
        0.13432961702346802,
        0.09919366240501404
      ],
      [
        0.10099723935127258,
        0.09300626069307327,
        0.3435489237308502,
        0.12707430124282837,
        0.21141661703586578,
        0.22111962735652924,
        0.2762278616428375,
        0.23107746243476868,
        0.28876838088035583,
        0.14439146220684052,
        0.1379983276128769,
        0.1511330008506775,
        0.29346153140068054,
        0.1360308974981308,
        0.09733880311250687
      ],
      [
        0.09381553530693054,
        0.10356953740119934,
        0.34172913432121277,
        0.11585228145122528,
        0.21412841975688934,
        0.22638094425201416,
        0.26641765236854553,
        0.22967559099197388,
        0.2969471216201782,
        0.14575539529323578,
        0.13483600318431854,
        0.1263611912727356,
        0.29474523663520813,
        0.13904567062854767,
        0.09668183326721191
      ],
      [
        0.09573144465684891,
        0.0993441641330719,
        0.34744638204574585,
        0.11887375265359879,
        0.21524913609027863,
        0.22656291723251343,
        0.26908406615257263,
        0.2282557487487793,
        0.29044875502586365,
        0.14051538705825806,
        0.1398729383945465,
        0.12487708032131195,
        0.29709407687187195,
        0.14648830890655518,
        0.09857116639614105
      ],
      [
        0.10905923694372177,
        0.09677991271018982,
        0.34054282307624817,
        0.12429915368556976,
        0.21747474372386932,
        0.22791561484336853,
        0.2700706422328949,
        0.22848401963710785,
        0.29130756855010986,
        0.1435355544090271,
        0.13515503704547882,
        0.1303107738494873,
        0.2912139594554901,
        0.14378014206886292,
        0.09802471846342087
      ],
      [
        0.10559836775064468,
        0.0895436629652977,
        0.3401050865650177,
        0.12593623995780945,
        0.20782047510147095,
        0.2279682606458664,
        0.2696186900138855,
        0.2330695241689682,
        0.3015153110027313,
        0.14793579280376434,
        0.13642017543315887,
        0.14542238414287567,
        0.2909040153026581,
        0.14930100739002228,
        0.10204143822193146
      ]
    ]
  },
  "training": {
    "epochs": 20,