PC1,PC2
0.108674,-0.601555
0.392172,-0.182919
-0.332421,-0.15035
0.162281,0.237058
-0.526681,0.0360612
-0.35986,-0.40674
-0.0935095,-0.0197516
-0.51915,0.0387815
0.0399609,0.0390153
0.103936,-0.59642
