feature,mean,std_dev
0,4.93712,2.55177
1,14.9362,2.50306
2,24.9255,2.46861
3,34.925,2.43088
4,44.9214,2.37245
5,54.9329,2.35933
6,64.9261,2.32845
7,74.92,2.28247
8,84.9338,2.23526
9,94.9194,2.22858
10,104.915,2.19564
11,114.926,2.18518
12,124.929,2.16303
13,134.896,2.1452
14,144.934,2.16037
