PC1,PC2
0.255211,-0.387246
0.256556,-0.337935
0.257493,-0.298123
0.258838,-0.236578
0.259658,-0.184391
0.260148,-0.142277
0.260611,-0.0713458
0.260856,-0.0220032
0.260556,0.0470487
0.260192,0.102025
0.259645,0.168368
0.257999,0.245699
0.256694,0.313708
0.255166,0.375687
0.253208,0.436216
