{
  "accuracy": 0.9933333333333333,
  "macro_f1": 0.9931417624521073,
  "classification_report": {
    "fault_1_rf_surge": {
      "precision": 1.0,
      "recall": 1.0,
      "f1-score": 1.0,
      "support": 30.0
    },
    "fault_2_throttle_leak": {
      "precision": 1.0,
      "recall": 1.0,
      "f1-score": 1.0,
      "support": 30.0
    },
    "fault_3_gas_drift": {
      "precision": 1.0,
      "recall": 1.0,
      "f1-score": 1.0,
      "support": 30.0
    },
    "fault_4_he_leak": {
      "precision": 1.0,
      "recall": 1.0,
      "f1-score": 1.0,
      "support": 31.0
    },
    "fault_5_wall_decay": {
      "precision": 1.0,
      "recall": 0.9333333333333333,
      "f1-score": 0.9655172413793104,
      "support": 30.0
    },
    "normal": {
      "precision": 0.9867549668874173,
      "recall": 1.0,
      "f1-score": 0.9933333333333333,
      "support": 149.0
    },
    "accuracy": 0.9933333333333333,
    "macro avg": {
      "precision": 0.9977924944812363,
      "recall": 0.9888888888888889,
      "f1-score": 0.9931417624521073,
      "support": 300.0
    },
    "weighted avg": {
      "precision": 0.9934216335540839,
      "recall": 0.9933333333333333,
      "f1-score": 0.9932406130268199,
      "support": 300.0
    }
  },
  "confusion_matrix": [
    [
      30,
      0,
      0,
      0,
      0,
      0
    ],
    [
      0,
      30,
      0,
      0,
      0,
      0
    ],
    [
      0,
      0,
      30,
      0,
      0,
      0
    ],
    [
      0,
      0,
      0,
      31,
      0,
      0
    ],
    [
      0,
      0,
      0,
      0,
      28,
      2
    ],
    [
      0,
      0,
      0,
      0,
      0,
      149
    ]
  ],
  "log_loss": 0.038041645987905055,
  "confidence_summary": {
    "mean_top_class_confidence": 0.9798489688328446,
    "p10_top_class_confidence": 0.9586173967222295,
    "p50_top_class_confidence": 0.9852668677906173,
    "p90_top_class_confidence": 0.9964888931688938
  }
}
