PC1,PC2
0.417357,-0.31547
-0.417803,0.314166
0.498468,-0.0209718
0.278867,0.48133
-0.278479,-0.481529
0.410063,-0.308198
0.0604019,-0.0387924
-0.0142144,-0.0784248
0.273249,0.484884
-0.028254,-0.00600356
