feature,mean,std_dev
0,14.8935,1.48797
1,24.9174,1.46918
2,35.6327,1.48555
3,45.9935,1.23052
4,54.1213,1.26867
5,64.7287,1.41746
6,74.8486,1.3994
7,84.9212,1.29943
8,96.1212,1.26612
9,104.701,1.57417
