feature,mean,std_dev
0,200.735,2.68496
1,216.208,13.3929
2,599.977,4.02349
3,151.432,8.62971
4,273.001,3.63995
5,205.032,1.79259
6,9.01417,0.29683
7,262.056,3.5491
8,10.2052,0.130149
9,216.764,3.07421
