{
  "model_type": "lstm_encoder_decoder",
  "onnx_file": "lstm_ed.onnx",
  "sensor_names": [
    "temp_c",
    "pressure_mtorr",
    "rf_power_w",
    "gas_flow_sccm",
    "bias_v",
    "etch_rate_nm_min",
    "refl_power_w",
    "dc_bias_v",
    "he_backside_press_torr",
    "focus_ring_temp_c"
  ],
  "seq_len": 30,
  "horizon": 12,
  "normalization": {
    "type": "minmax_0_1",
    "min": [
      195.076904296875,
      195.8133544921875,
      587.8890991210938,
      134.0504913330078,
      258.276611328125,
      199.96173095703125,
      7.9408769607543945,
      248.51780700683594,
      9.827160835266113,
      209.1663360595703
    ],
    "max": [
      204.71209716796875,
      245.0616455078125,
      611.2817993164062,
      166.07945251464844,
      284.8343200683594,
      210.96316528320312,
      10.114424705505371,
      272.8463134765625,
      10.548748016357422,
      223.30490112304688
    ]
  },
  "thresholds": {
    "sensor_reconstruction_error_95": [
      0.0943748727440834,
      0.08693553507328033,
      0.3307341933250427,
      0.10443777590990067,
      0.20708607137203217,
      0.22234869003295898,
      0.26210978627204895,
      0.21733129024505615,
      0.22865185141563416,
      0.1342204064130783
    ],
    "sensor_reconstruction_error_99": [
      0.12088344246149063,
      0.10972840338945389,
      0.44088315963745117,
      0.13495036959648132,
      0.26532047986984253,
      0.28439176082611084,
      0.3363948166370392,
      0.28140348196029663,
      0.31343868374824524,
      0.184106707572937
    ],
    "global_reconstruction_error_95": 1.2711279392242432,
    "global_reconstruction_error_99": 1.56501305103302,
    "future_prediction_error_95_by_horizon": [
      [
        0.09907842427492142,
        0.08565901964902878,
        0.3366086483001709,
        0.10653115808963776,
        0.21197868883609772,
        0.22236016392707825,
        0.26313453912734985,
        0.22838692367076874,
        0.2483879178762436,
        0.14247027039527893
      ],
      [
        0.098312608897686,
        0.09003220498561859,
        0.3355374038219452,
        0.11563031375408173,
        0.21125248074531555,
        0.22693441808223724,
        0.2632765769958496,
        0.22904297709465027,
        0.25871148705482483,
        0.14024718105793
      ],
      [
        0.09630686789751053,
        0.0908232182264328,
        0.33661267161369324,
        0.11776819825172424,
        0.2083940953016281,
        0.22578825056552887,
        0.26245394349098206,
        0.23100589215755463,
        0.2569713592529297,
        0.13863712549209595
      ],
      [
        0.09844543784856796,
        0.09076286852359772,
        0.34019580483436584,
        0.11825519055128098,
        0.21254651248455048,
        0.2262050062417984,
        0.26306331157684326,
        0.22720324993133545,
        0.26308923959732056,
        0.14101479947566986
      ],
      [
        0.09486895799636841,
        0.08971571922302246,
        0.3497326374053955,
        0.11277813464403152,
        0.21115082502365112,
        0.2208302915096283,
        0.26581257581710815,
        0.2263140082359314,
        0.2685527801513672,
        0.1389043778181076
      ],
      [
        0.09580127894878387,
        0.09064671397209167,
        0.34463146328926086,
        0.12231328338384628,
        0.21741682291030884,
        0.2263166308403015,
        0.26143109798431396,
        0.22832100093364716,
        0.2762465476989746,
        0.14323055744171143
      ],
      [
        0.10330922156572342,
        0.09229984134435654,
        0.33733657002449036,
        0.1284782588481903,
        0.20895233750343323,
        0.2274300456047058,
        0.26276296377182007,
        0.23104225099086761,
        0.2721703350543976,
        0.139913871884346
      ],
      [
        0.09608104079961777,
        0.09276033937931061,
        0.33660516142845154,
        0.1297038197517395,
        0.21200956404209137,
        0.22520603239536285,
        0.2652927041053772,
        0.22443637251853943,
        0.27072516083717346,
        0.14614658057689667
      ],
      [
        0.09622284024953842,
        0.09345321357250214,
        0.3400302529335022,
        0.1259164959192276,
        0.20669220387935638,
        0.22799786925315857,
        0.2617287039756775,
        0.23028424382209778,
        0.2829146087169647,
        0.14151149988174438
      ],
      [
        0.09872546046972275,
        0.1065470427274704,
        0.3420262038707733,
        0.13179172575473785,
        0.21237309277057648,
        0.22681953012943268,
        0.26503998041152954,
        0.23404982686042786,
        0.29256629943847656,
        0.14215636253356934
      ],
      [
        0.09162341803312302,
        0.09268985688686371,
        0.33854982256889343,
        0.13058483600616455,
        0.21049754321575165,
        0.22524599730968475,
        0.26306241750717163,
        0.22672925889492035,
        0.2900485694408417,
        0.1422269642353058
      ],
      [
        0.10291696339845657,
        0.09713031351566315,
        0.33862534165382385,
        0.13240765035152435,
        0.21201011538505554,
        0.22838027775287628,
        0.25891348719596863,
        0.2303338348865509,
        0.29342976212501526,
        0.14007192850112915
      ]
    ]
  },
  "training": {
    "epochs": 20,
    "loss_history": [
      0.263030929086001,
      0.07034535025772841,
      0.06087271869182587,
      0.052723535700984626,
      0.043520443303429565,
      0.037984940020934395,
      0.02843031497753185,
      0.022744531378797863,
      0.021233714469101116,
      0.020334262400865555,
      0.019785592089528622,
      0.019299086588232414,
      0.01874708643426066,
      0.018242035385059273,
      0.017902252223828564,
      0.017685393600360207,
      0.017517098347130028,
      0.017415021748646446,
      0.017308231038243874,
      0.0172687486300002
    ],