{
  "model_type": "lstm_encoder_decoder",
  "onnx_file": "lstm_ed.onnx",
  "sensor_names": [
    "temp_c",
    "pressure_mtorr",
    "rf_power_w",
    "gas_flow_sccm",
    "bias_v",
    "etch_rate_nm_min",
    "refl_power_w",
    "dc_bias_v",
    "he_backside_press_torr",
    "focus_ring_temp_c"
  ],
  "seq_len": 30,
  "horizon": 12,
  "normalization": {
    "type": "minmax_0_1",
    "min": [
      195.07005310058594,
      196.16082763671875,
      587.969482421875,
      100.79045104980469,
      260.6505126953125,
      191.5238494873047,
      7.883389472961426,
      250.38314819335938,
      4.390999794006348,
      209.41177368164062
    ],
    "max": [
      218.1923065185547,
      353.4336853027344,
      751.4736328125,
      165.2300567626953,
      351.3106994628906,
      211.08993530273438,
      21.901716232299805,
      273.7088623046875,
      10.597267150878906,
      234.93386840820312
    ]
  },
  "thresholds": {
    "sensor_reconstruction_error_95": [
      0.056851428002119064,
      0.05186235532164574,
      0.07538728415966034,
      0.0956335961818695,
      0.08465815335512161,
      0.13581150770187378,
      0.07247443497180939,
      0.2347458451986313,
      0.05453720688819885,
      0.08997974544763565
    ],
    "sensor_reconstruction_error_99": [
      0.4171512722969055,
      0.4169626533985138,
      0.5926730632781982,
      0.40026700496673584,
      0.5736172199249268,
      0.22297856211662292,
      0.5801714658737183,
      0.31318482756614685,
      0.5305784344673157,
      0.23623798787593842
    ],
    "global_reconstruction_error_95": 1.031590223312378,
    "global_reconstruction_error_99": 2.0083765983581543,
    "future_prediction_error_95_by_horizon": [
      [
        0.09525832533836365,
        0.10102558881044388,
        0.06576720625162125,
        0.08853866159915924,
        0.08585710823535919,
        0.1502433568239212,
        0.06709932535886765,
        0.2415841966867447,
        0.08071829378604889,
        0.10385876893997192
      ],
      [
        0.07131557911634445,
        0.08450134843587875,
        0.07165680080652237,
        0.1017221137881279,
        0.08456280082464218,
        0.16965417563915253,
        0.0667133778333664,
        0.24372124671936035,
        0.06845644116401672,
        0.10955328494310379
      ],
      [
        0.08109906315803528,
        0.08495595306158066,
        0.0771993100643158,
        0.11048128455877304,
        0.0913015678524971,
        0.15780109167099,
        0.08162228018045425,
        0.2468406856060028,
        0.08208770304918289,
        0.10907325893640518
      ],
      [
        0.08575134724378586,
        0.09093686938285828,
        0.08699499070644379,
        0.10457807779312134,
        0.08942921459674835,
        0.15312336385250092,
        0.08562145382165909,
        0.24638070166110992,
        0.07954809069633484,
        0.1135200560092926
      ],
      [
        0.09370175749063492,
        0.0792560875415802,
        0.0701233297586441,
        0.1255979686975479,
        0.08604544401168823,
        0.171800434589386,
        0.0688481479883194,
        0.2508116662502289,
        0.09872115403413773,
        0.10575398802757263
      ],
      [
        0.0870153084397316,
        0.0894702598452568,
        0.07197240740060806,
        0.14866787195205688,
        0.08601806312799454,
        0.16096481680870056,
        0.07870523631572723,
        0.24285604059696198,
        0.08120499551296234,
        0.12200763821601868
      ],
      [
        0.08384454995393753,
        0.1041184514760971,
        0.08140189200639725,
        0.149758979678154,
        0.09070105105638504,
        0.1593220829963684,
        0.0760483592748642,
        0.2401811182498932,
        0.08469011634588242,
        0.11599283665418625
      ],
      [
        0.09512488543987274,
        0.10597646236419678,
        0.0951695516705513,
        0.14326943457126617,
        0.09159676730632782,
        0.16528481245040894,
        0.084729865193367,
        0.23972894251346588,
        0.0946793481707573,
        0.11784182488918304
      ],
      [
        0.0888940691947937,
        0.09540008753538132,
        0.09617669880390167,
        0.15410904586315155,
        0.1063075140118599,
        0.1774975061416626,
        0.09200624376535416,
        0.24645894765853882,
        0.10465878993272781,
        0.11835573613643646
      ],
      [
        0.11616292595863342,
        0.11301407217979431,
        0.10321906954050064,
        0.11695218831300735,
        0.10433770716190338,
        0.17778213322162628,
        0.1220664232969284,
        0.24550911784172058,
        0.10541599243879318,
        0.1325775682926178
      ],
      [
        0.0974661111831665,
        0.12369842082262039,
        0.10372810065746307,
        0.12842582166194916,
        0.10930509865283966,
        0.1687159240245819,
        0.11283142119646072,
        0.24330613017082214,
        0.11521916836500168,
        0.1360122412443161
      ],
      [
        0.125133216381073,
        0.11883175373077393,
        0.11141741275787354,
        0.13362610340118408,
        0.11058355122804642,
        0.18455642461776733,
        0.11530126631259918,
        0.24691557884216309,
        0.12271996587514877,
        0.1462821662425995
      ]
    ]
  },
  "training": {
    "epochs": 20,
    "loss_history": [
      0.2578149467058804,
      0.08522228556482689,
      0.05807325260146805,
      0.041600248735883964,
      0.030378335438992665,
      0.02351210185367128,
      0.019409520713531452,
      0.01698072610989861,
      0.015173918365136436,
      0.013810176766760971,
      0.012926360754215199,
      0.012563118468160215,
      0.012244048730834671,
      0.012030916612433351,
      0.011819684877991676,
      0.01155768901757572,
      0.011493706954238207,
      0.011235574219861755,
      0.01131175847157188,
      0.011507954650922962
    ],