{
  "accuracy": 0.97,
  "macro_f1": 0.9697812063992592,
  "classification_report": {
    "fault_1_rf_surge": {
      "precision": 1.0,
      "recall": 1.0,
      "f1-score": 1.0,
      "support": 30.0
    },
    "fault_2_throttle_leak": {
      "precision": 1.0,
      "recall": 1.0,
      "f1-score": 1.0,
      "support": 30.0
    },
    "fault_3_gas_drift": {
      "precision": 1.0,
      "recall": 1.0,
      "f1-score": 1.0,
      "support": 30.0
    },
    "fault_4_he_leak": {
      "precision": 0.9655172413793104,
      "recall": 0.9032258064516129,
      "f1-score": 0.9333333333333333,
      "support": 31.0
    },
    "fault_5_wall_decay": {
      "precision": 0.9310344827586207,
      "recall": 0.9,
      "f1-score": 0.9152542372881356,
      "support": 30.0
    },
    "normal": {
      "precision": 0.9605263157894737,
      "recall": 0.9798657718120806,
      "f1-score": 0.9700996677740864,
      "support": 149.0
    },
    "accuracy": 0.97,
    "macro avg": {
      "precision": 0.9761796733212341,
      "recall": 0.9638485963772823,
      "f1-score": 0.9697812063992592,
      "support": 300.0
    },
    "weighted avg": {
      "precision": 0.9699349667271627,
      "recall": 0.97,
      "f1-score": 0.9697860365010543,
      "support": 300.0
    }
  },
  "confusion_matrix": [
    [
      30,
      0,
      0,
      0,
      0,
      0
    ],
    [
      0,
      30,
      0,
      0,
      0,
      0
    ],
    [
      0,
      0,
      30,
      0,
      0,
      0
    ],
    [
      0,
      0,
      0,
      28,
      0,
      3
    ],
    [
      0,
      0,
      0,
      0,
      27,
      3
    ],
    [
      0,
      0,
      0,
      1,
      2,
      146
    ]
  ],
  "log_loss": 0.10996592567697282,
  "confidence_summary": {
    "mean_top_class_confidence": 0.941788299853891,
    "p10_top_class_confidence": 0.8314231578876287,
    "p50_top_class_confidence": 0.9814707009568848,
    "p90_top_class_confidence": 0.9968431131108288
  }
}
