PC1,PC2
0.447017,-0.589228
0.447424,-0.33519
0.447599,-0.0653907
0.447244,0.343904
0.446782,0.646461
