feature,mean,std_dev
0,5.03273,2.46293
1,15.0404,2.41677
2,25.0393,2.38162
3,35.0318,2.33307
4,45.0247,2.29041
