PC1,PC2
0.0546019,-0.725487
0.37597,-0.32222
-0.344042,-0.196224
0.182548,0.299388
-0.523085,0.135015
-0.394739,-0.449192
-0.0945872,-0.0447898
-0.515357,0.140349
