{
  "model_type": "lstm_encoder_decoder",
  "onnx_file": "lstm_ed.onnx",
  "sensor_names": [
    "temp_c",
    "pressure_mtorr",
    "rf_power_w",
    "gas_flow_sccm",
    "bias_v",
    "etch_rate_nm_min",
    "refl_power_w",
    "dc_bias_v",
    "he_backside_press_torr",
    "focus_ring_temp_c"
  ],
  "seq_len": 30,
  "horizon": 12,
  "normalization": {
    "type": "minmax_0_1",
    "min": [
      10.0,
      20.0,
      30.0,
      40.0,
      50.0,
      60.0,
      70.0,
      80.0,
      90.0,
      100.0
    ],
    "max": [
      19.999900817871094,
      29.999900817871094,
      39.999900817871094,
      49.999900817871094,
      59.999900817871094,
      69.9999008178711,
      79.9999008178711,
      89.9999008178711,
      99.9999008178711,
      109.9999008178711
    ]
  },
  "thresholds": {
    "sensor_reconstruction_error_95": [
      0.2933555245399475,
      0.29330721497535706,
      0.28800666332244873,
      0.2406255453824997,
      0.2476627081632614,
      0.2716149091720581,
      0.26595446467399597,
      0.23921896517276764,
      0.24712194502353668,
      0.30279263854026794
    ],
    "sensor_reconstruction_error_99": [
      0.38943445682525635,
      0.39173248410224915,
      0.36874955892562866,
      0.30777689814567566,
      0.3220021426677704,
      0.37038272619247437,
      0.3606800138950348,
      0.3805907368659973,
      0.3107765316963196,
      0.37999117374420166
    ],
    "global_reconstruction_error_95": 1.8714090585708618,
    "global_reconstruction_error_99": 2.2742364406585693,
    "future_prediction_error_95_by_horizon": [
      [
        0.298201322555542,
        0.2960790991783142,
        0.2931678593158722,
        0.23931057751178741,
        0.24698519706726074,
        0.278536319732666,
        0.2662716805934906,
        0.2482556253671646,
        0.24516555666923523,
        0.3046441972255707
      ],
      [
        0.2934446930885315,
        0.28775402903556824,
        0.2930140495300293,
        0.23935705423355103,
        0.2456318438053131,
        0.27295055985450745,
        0.271989643573761,
        0.2404293268918991,
        0.2442816197872162,
        0.3047811686992645
      ],
      [
        0.29899901151657104,
        0.29889386892318726,
        0.293185293674469,
        0.24218565225601196,
        0.24621790647506714,
        0.27745798230171204,
        0.2678108513355255,
        0.24324852228164673,
        0.24681593477725983,
        0.31015264987945557
      ],
      [
        0.29649490118026733,
        0.29291659593582153,
        0.2906220853328705,
        0.2397235482931137,
        0.2506312131881714,
        0.2734679579734802,
        0.2687702775001526,
        0.24528194963932037,
        0.2457006424665451,
        0.3039413392543793
      ],
      [
        0.29819920659065247,
        0.29331737756729126,
        0.29211539030075073,
        0.2405150681734085,
        0.24760615825653076,
        0.27573540806770325,
        0.26496607065200806,
        0.2409611940383911,
        0.246379092335701,
        0.30836859345436096
      ],
      [
        0.2990220785140991,
        0.29016759991645813,
        0.2921353578567505,
        0.2377181053161621,
        0.24784263968467712,
        0.27473926544189453,
        0.2646321952342987,
        0.24143575131893158,
        0.24439089000225067,
        0.3142754137516022
      ],
      [
        0.2930757701396942,
        0.2887032628059387,
        0.29363158345222473,
        0.23766830563545227,
        0.24870359897613525,
        0.27383461594581604,
        0.26951533555984497,
        0.24476829171180725,
        0.2451845109462738,
        0.3088141679763794
      ],
      [
        0.2946135103702545,
        0.2929273843765259,
        0.2906481623649597,
        0.23832407593727112,
        0.24462664127349854,
        0.2763783037662506,
        0.2679033875465393,
        0.23849844932556152,
        0.24675816297531128,
        0.3073180615901947
      ],
      [
        0.29679128527641296,
        0.29281556606292725,
        0.2906685769557953,
        0.23886972665786743,
        0.24762588739395142,
        0.27534452080726624,
        0.2662152945995331,
        0.2382185012102127,
        0.24662303924560547,
        0.31061601638793945
      ],
      [
        0.30308765172958374,
        0.29776352643966675,
        0.291228711605072,
        0.23795923590660095,
        0.24552597105503082,
        0.275395005941391,
        0.26505038142204285,
        0.23822766542434692,
        0.24546194076538086,
        0.31342828273773193
      ],
      [
        0.2975843846797943,
        0.2936139702796936,
        0.2916382849216461,
        0.24336525797843933,
        0.24885649979114532,
        0.2721381187438965,
        0.272067129611969,
        0.24228575825691223,
        0.24765466153621674,
        0.30910369753837585
      ],
      [
        0.297701895236969,
        0.29018718004226685,
        0.2944065034389496,
        0.24085645377635956,
        0.24683724343776703,
        0.2714391350746155,
        0.2665976881980896,
        0.24656711518764496,
        0.247749462723732,
        0.30696767568588257
      ]
    ]
  },
  "training": {
    "epochs": 20,
    "loss_history": [
      0.26215360572804575,
      0.04435420084906661,
      0.03368481864099917,
      0.032306188312561615,
      0.03159267252878002,
      0.031034270382445793,
      0.030529067892095318,
      0.030085789930561314,
      0.029787523348046387,
      0.029591134141968643,
      0.029490856372791786,
      0.02941041423574738,
      0.029380218004402908,
      0.02935516696585261,
      0.02933614482374295,
      0.0293368361890316,
      0.029316868471062702,
      0.029315896980140522,
      0.029342455951415974,
      0.029300092759987583
    ],