PC1,PC2
0.237993,-0.438061
0.405434,0.0141701
-0.138236,-0.154609
0.169058,0.317416
-0.387828,-0.118306
-0.166428,-0.410783
-0.0476805,-0.0257556
-0.381365,-0.114349
0.0227754,0.0293493
0.231492,-0.430082
0.229827,-0.436158
-0.321143,0.0687024
0.0042668,0.00248966
0.168714,0.315794
0.40857,0.0790513
