feature,mean,std_dev
0,14.5363,1.347
1,25.4582,1.34944
2,34.8639,1.59148
3,44.7835,1.39502
4,54.6701,1.27955
5,64.6851,1.60076
6,74.7575,1.41051
7,84.664,1.22794
8,94.5222,1.55683
9,104.799,1.3604
10,114.645,1.25785
11,124.728,1.55558
12,134.695,1.40846
13,144.671,1.21484
14,154.451,1.61202
