{
  "T2_95": 5.99146,
  "T2_99": 9.21034,
  "CHI2_95": 5.991464547,
  "CHI2_99": 9.210340372,
  "DModX_95": 0.180347,
  "DModX_99": 0.204263,
  "MEAN_PC1": 1.41416e-14,
  "MEAN_PC2": 8.55671e-15,
  "COV_INV_11": 0.102348,
  "COV_INV_12": 2.36905e-16,
  "COV_INV_21": 2.36905e-16,
  "COV_INV_22": 10.498
}