PC1,PC2
0.247018,-0.0614827
-0.247327,0.0623496
-0.283121,-0.0599646
0.00579009,-0.492713
0.345607,-0.0311024
-0.282669,-0.0588766
0.00583713,-0.492801
0.346231,-0.0310362
-0.281486,-0.0590497
0.00544392,-0.492445
0.345553,-0.0296125
-0.283775,-0.0612139
0.00612369,-0.492523
0.345514,-0.0310169
-0.282397,-0.0597255
