{
  "model_type": "lstm_encoder_decoder",
  "onnx_file": "lstm_ed.onnx",
  "sensor_names": [
    "temp_c",
    "pressure_mtorr",
    "rf_power_w",
    "gas_flow_sccm",
    "bias_v",
    "etch_rate_nm_min",
    "refl_power_w",
    "dc_bias_v"
  ],
  "seq_len": 30,
  "horizon": 12,
  "normalization": {
    "type": "minmax_0_1",
    "min": [
      195.076904296875,
      195.8133544921875,
      587.8890991210938,
      134.0504913330078,
      258.276611328125,
      199.96173095703125,
      7.9408769607543945,
      248.51780700683594
    ],
    "max": [
      204.71209716796875,
      245.0616455078125,
      611.2817993164062,
      166.07945251464844,
      284.8343200683594,
      210.96316528320312,
      10.114424705505371,
      272.8463134765625
    ]
  },
  "thresholds": {
    "sensor_reconstruction_error_95": [
      0.09515738487243652,
      0.08051999658346176,
      0.3344194293022156,
      0.10129701346158981,
      0.2073192596435547,
      0.2204098403453827,
      0.26005876064300537,
      0.21628031134605408
    ],
    "sensor_reconstruction_error_99": [
      0.13115257024765015,
      0.10611776262521744,
      0.43338629603385925,
      0.1359844207763672,
      0.2603937089443207,
      0.27603498101234436,
      0.3356151580810547,
      0.2836970090866089
    ],
    "global_reconstruction_error_95": 1.1001107692718506,
    "global_reconstruction_error_99": 1.4058637619018555,
    "future_prediction_error_95_by_horizon": [
      [
        0.09565353393554688,
        0.08526886254549026,
        0.3378252685070038,
        0.10347352921962738,
        0.21350455284118652,
        0.22351177036762238,
        0.2639678418636322,
        0.22365081310272217
      ],
      [
        0.09102244675159454,
        0.08563785254955292,
        0.3455463945865631,
        0.1040719598531723,
        0.21039168536663055,
        0.22405357658863068,
        0.2618396282196045,
        0.22432507574558258
      ],
      [
        0.09503034502267838,
        0.08589780330657959,
        0.3389016091823578,
        0.1037767231464386,
        0.21310704946517944,
        0.22450703382492065,
        0.2613784372806549,
        0.22771970927715302
      ],
      [
        0.10166782140731812,
        0.08514672517776489,
        0.34433722496032715,
        0.10502742230892181,
        0.21576589345932007,
        0.22632355988025665,
        0.26053380966186523,
        0.22389733791351318
      ],
      [
        0.09355005621910095,
        0.08413204550743103,
        0.34734368324279785,
        0.11679978668689728,
        0.2141966074705124,
        0.22420141100883484,
        0.2628698945045471,
        0.22311055660247803
      ],
      [
        0.09954959899187088,
        0.08606298267841339,
        0.340307354927063,
        0.11306143552064896,
        0.21385154128074646,
        0.22610552608966827,
        0.2614961862564087,
        0.22632752358913422
      ],
      [
        0.10000654309988022,
        0.0874783918261528,
        0.3377267122268677,
        0.11761310696601868,
        0.21255242824554443,
        0.22506467998027802,
        0.26189467310905457,
        0.22578047215938568
      ],
      [
        0.10205676406621933,
        0.08563701808452606,
        0.3410242795944214,
        0.11031254380941391,
        0.21130414307117462,
        0.22740203142166138,
        0.26742690801620483,
        0.22158262133598328
      ],
      [
        0.09582581371068954,
        0.08461157232522964,
        0.3406186103820801,
        0.12349831312894821,
        0.21159136295318604,
        0.22290173172950745,
        0.2648801803588867,
        0.22409512102603912
      ],
      [
        0.10541156679391861,
        0.0819644182920456,
        0.3354138731956482,
        0.1224014088511467,
        0.2061496376991272,
        0.22784900665283203,
        0.26245731115341187,
        0.22394192218780518
      ],
      [
        0.10437969118356705,
        0.08423721790313721,
        0.3383588492870331,
        0.1264679878950119,
        0.21182505786418915,
        0.22833329439163208,
        0.26534557342529297,
        0.22398419678211212
      ],
      [
        0.10409156233072281,
        0.08347469568252563,
        0.3411862254142761,
        0.12874123454093933,
        0.2113192081451416,
        0.22724126279354095,
        0.26845821738243103,
        0.2260025143623352
      ]
    ]
  },
  "training": {
    "epochs": 20,
    "loss_history": [
      0.29223944181981293,
      0.07615988021311552,
      0.0585439064256523,
      0.044687875263068985,
      0.03241713328853897,
      0.025713982627443645,
      0.02288587026945923,
      0.020814918143593746,
      0.019205524545648823,
      0.018455748405793438,
      0.018066424552513206,
      0.017843394013850586,
      0.01770706458584122,
      0.01765490898295589,
      0.017653907851680466,
      0.01756990150265072,
      0.017514150103797085,
      0.01747329662675443,
      0.017479441574086315,
      0.01741635702226473
    ],